	U_mannWhitney	p	comonLangEffectSize	differenceOfMedian	zScore	rankBiserialCorrelation	p_adj	reject
KLF5_HUMAN.H11MO.0.A ,KLF5	284834.0	8.425542064793437e-156	0.9661153773098526	0.0011502505	26.591981425677957	0.9322307546197053	2.645620208345139e-153	True
ITF2_HUMAN.H11MO.0.C ,TCF4	283628.0	4.095513070849429e-153	0.9620248012373483	0.00055944335	26.358613190611027	0.9240496024746968	6.429955521233603e-151	True
TFAP2C_MA0524.1 ,TFAP2C	283456.0	9.84486950226231e-153	0.9614414023281687	0.00059728525	26.325330158744105	0.9228828046563373	1.0304296745701219e-150	True
TFAP2A_MA0003.1 ,TFAP2A	282422.0	1.5131414355880677e-150	0.957934225164844	0.000452987755	26.125244955544098	0.9158684503296882	1.1878160269366331e-148	True
TFAP2A_MA0003.2 ,TFAP2A	281193.5	9.132638698818045e-148	0.9537113667815375	0.0005183398499999999	25.887919700019545	0.9075346647491385	5.735297102857732e-146	True
Klf4_MA0039.2 ,KLF4	280712.0	1.0284489768281877e-146	0.9521341546142783	0.0006924209499999999	25.79434969686711	0.9042683092285567	5.382216312067516e-145	True
KLF5_MA0599.1 ,KLF5	280514.0	2.7649282964472537e-146	0.951462567497897	0.0008877806500000001	25.7560355090203	0.9029251349957941	1.2402678358349111e-144	True
SOX7_full_3 ,SOX7	14403.0	4.398698312414835e-146	0.04884948308143163	-0.00041969950000000006	-25.738039692231332	-0.9022942501288904	1.7264890876228226e-144	True
KLF16_HUMAN.H11MO.0.D ,KLF16	280138.0	1.8017051901201605e-145	0.9501872303475972	0.00212041185	25.683277253311207	0.9003744606951944	6.285949218863671e-144	True
HOXC11_DBD_2 ,HOXC11	14796.5	3.122088889963977e-145	0.050165522481209125	-0.0005445559500000001	-25.661898266463375	-0.899624860933981	9.803359114486888e-144	True
GKLF_M01588 ,KLF4	279709.5	1.5147677721197895e-144	0.948732124928771	0.0006822626499999999	25.600373184319363	0.8974676417116653	4.32397345859649e-143	True
KLF4_HUMAN.H11MO.0.A ,KLF4	279576.5	2.929985705647997e-144	0.9482674409139011	0.0006233316	25.574628786320087	0.8965654085149106	7.666795929778926e-143	True
TFAP2A_DBD_1 ,TFAP2A	279433.5	5.195881671445344e-144	0.9476602990258595	0.000305449525	25.552253168305725	0.8955953382356932	1.2550052652567984e-142	True
TFAP2A(var.2)_MA0810.1 ,TFAP2A	279339.5	8.275422226140283e-144	0.9473414647382845	0.00030741176500000003	25.534059830115954	0.8949576696605432	1.8560589850057493e-142	True
SOX7_full_1 ,SOX7	15632.0	1.964960357708823e-143	0.0530112880905218	-0.00039620285	-25.500221832325757	-0.8939570726942175	4.113317015470469e-142	True
POU2F3_DBD_2 ,POU2F3	15678.0	2.4662721974075384e-143	0.05315713781781673	-0.00051495595	-25.49132276507911	-0.8936450221148888	4.840059187412294e-142	True
TFAP2A_DBD_3 ,TFAP2A	279056.0	2.867185789452805e-143	0.9463408677719589	0.00026426943	25.48542235401522	0.893034488372724	5.295860811106945e-142	True
SP1_MA0079.2 ,SP1	279047.0	4.02155231578319e-143	0.9464867174992538	0.0011897204000000002	25.472162208155304	0.8929734349985076	7.015374595310676e-142	True
HOXC13_DBD_1 ,HOXC13	15985.5	1.1247633963061664e-142	0.054218788158358885	-0.0004823333000000001	-25.43181638601918	-0.8915590318291591	1.8588195075796644e-141	True
CKROX_M01175 ,ZBTB7B	278800.0	1.358821079850776e-142	0.9456489295308388	0.0009110070000000002	25.424366226346404	0.8912978590616775	2.1333490953657183e-141	True
SOX7_full_2 ,SOX7	16094.0	1.9194612205518873e-142	0.05456814913304209	-0.00039821809999999997	-25.410824139428495	-0.8908229994844382	2.8700515393013934e-141	True
SP3_DBD ,SP3	278434.0	8.219335531172111e-142	0.9444075109217702	0.0006267968	25.353543030629574	0.8888150218435406	1.173123343994565e-140	True
SP3_MA0746.1 ,SP3	278379.0	1.0769145671997449e-141	0.9442209589449977	0.00062483205	25.34290020067213	0.8884419178899954	1.4702224960900866e-140	True
TFAP2C_DBD_1 ,TFAP2C	278325.5	1.2153384683092416e-141	0.9438987328032996	0.00023533885	25.338203378239875	0.8880789894988196	1.5900678293712578e-140	True
TFAP2C_full_1 ,TFAP2C	278295.0	1.5592796181023236e-141	0.9438410712832063	0.00030053649999999996	25.328381672416516	0.8878720863973082	1.8036453480914768e-140	True
POU2F3_M01476 ,POU2F3	16526.0	1.6054489202088594e-141	0.05603343011423765	-0.00046877585000000007	-25.327231375797815	-0.887892437522047	1.8036453480914768e-140	True
Pou2f3_MA0627.1 ,POU2F3	16526.0	1.6054489202088594e-141	0.05603343011423765	-0.00046877585000000007	-25.327231375797815	-0.887892437522047	1.8036453480914768e-140	True
TFAP2A_MA0003.3 ,TFAP2A	278271.5	1.6083461702726542e-141	0.9437223563888965	0.000260377625	25.327160316654197	0.8877126692535208	1.8036453480914768e-140	True
TFAP2A_DBD_2 ,TFAP2A	278209.0	2.1962038524002487e-141	0.9435120614332618	0.00026155439999999997	25.31487639128388	0.8872886874881285	2.3779586539782002e-140	True
TFAP2A_DBD_5 ,TFAP2A	277868.0	9.976901678991191e-141	0.9423113450736711	0.00021795944499999997	25.25511006956007	0.8849754429761485	1.0442490424010779e-139	True
SP3_HUMAN.H11MO.0.B ,SP3	277831.0	1.582089498482955e-140	0.9423622228855182	0.0020717176	25.23685891309611	0.8847244457710363	1.6025035565278965e-139	True
TFAP2C_DBD_3 ,TFAP2C	277400.0	6.864991847705564e-140	0.9406696876780724	0.00021006072499999995	25.17874333245709	0.8818006675168915	6.736273250561084e-139	True
TFAP2C(var.3)_MA0815.1 ,TFAP2C	277378.5	7.518495241629519e-140	0.9405950668873633	0.00021016468999999997	25.17513730726751	0.8816548177895965	7.153962139005058e-139	True
TFAP2C_MA0524.2 ,TFAP2C	277413.5	1.0710648725726074e-139	0.9408121455512441	0.00023535721499999996	25.16109892052497	0.8818922475782162	9.891599117288197e-139	True
SOX7_HUMAN.H11MO.0.D ,SOX7	17538.5	2.2675516250340196e-139	0.059428676091498656	-0.00041997285000000003	-25.13131828440031	-0.8810239329226929	2.0343177436019488e-138	True
ZNF219_M01122 ,ZNF219	277116.0	5.000573378634941e-139	0.9399370471874745	0.0005763964	25.0985021236493	0.8798740943749491	4.361611224698254e-138	True
Sox11_DBD ,SOX11	17816.0	8.750678091971738e-139	0.06040553007896236	-0.00030803625	-25.077610583017897	-0.8791414538843514	7.42625113751115e-138	True
POU2F3_DBD_1 ,POU2F3	17889.0	1.2477052084761994e-138	0.060649743575828294	-0.00042240280000000005	-25.06348246899244	-0.8786462431823732	1.0309985143724385e-137	True
SP1_MA0079.3 ,SP1	276901.0	1.4719081404523088e-138	0.9392077985509999	0.0010690811	25.056898333815642	0.8784155971019998	1.1850747592359615e-137	True
SOX9_full_4 ,SOX9	18242.0	6.915956628167917e-138	0.061870811060157925	-0.00031744140000000004	-24.995170154241602	-0.8762515941714378	5.429025953111815e-137	True
SP1_HUMAN.H11MO.0.A ,SP1	276458.0	1.2592021003641926e-137	0.9377052071744498	0.0015781620999999997	24.971175176158386	0.8754104143488997	9.643645354008695e-137	True
Sox11_MA0869.1 ,SOX11	18401.0	1.4931147614460208e-137	0.06238298103275174	-0.00031920669999999996	-24.964409541388022	-0.87517298456028	1.1162810359382156e-136	True
TFAP2A(var.3)_MA0872.1 ,TFAP2A	276174.5	2.6196082165739393e-137	0.9365078826689822	0.000214095795	24.94191693982738	0.8734872330610806	1.9129232093121325e-136	True
HOXC11_full_2 ,HOXC11	18585.0	3.6351712434731786e-137	0.06302743331614793	-0.00043397700000000005	-24.928798588503795	-0.8739247822429653	2.5941903873876775e-136	True
TFAP2A_DBD_6 ,TFAP2A	276055.5	4.658117999743467e-137	0.9361042520283288	0.000213994585	24.91886606619694	0.8726799717797737	3.250331226487664e-136	True
SP1_HUMAN.H11MO.1.A ,SP1	276119.0	6.403911728998273e-137	0.9365553686267061	0.0008358473999999999	24.90557664242067	0.8731107372534122	4.3713658324031694e-136	True
SOX9_full_6 ,SOX9	19100.0	4.3543469318992374e-136	0.0647437115024557	-0.00028802345000000003	-24.829151368456984	-0.8704311724961333	2.909074333226299e-135	True
SOX15_full_3 ,SOX15	19197.0	6.941394712693778e-136	0.06504558651941497	-0.0003287192	-24.810393076025044	-0.8697731527962446	4.540829041220513e-135	True
SP1_M01303 ,SP1	275617.0	7.218646604036708e-136	0.9348526578568909	0.00070821815	24.80843663080906	0.8697053157137817	4.6258265993214824e-135	True
IRX4_M01410 ,IRX4	19292.0	1.0963946317765874e-135	0.06541869047296014	-0.0006543986999999999	-24.791991872733202	-0.8691287005128483	6.885358287556969e-135	True
TFAP2C_full_2 ,TFAP2C	275173.0	4.266864765391544e-135	0.9327768431335305	0.00020010840999999996	24.73721000713836	0.8666933492524354	2.6270500712410682e-134	True
SP1_DBD ,SP1	275131.0	7.503112195640655e-135	0.9332042167530459	0.0005136992499999999	24.714392715185074	0.8664084335060918	4.530725441213781e-134	True
KLF16_MA0741.1 ,KLF16	274811.0	3.457748439157763e-134	0.9321188234336417	0.0005861437	24.652470795432656	0.8642376468672835	2.048552848859505e-133	True
KLF16_DBD ,KLF16	274786.0	3.8946325669408814e-134	0.9320340270805633	0.00058520955	24.647633145451998	0.8640680541611266	2.264656714850809e-133	True
FOXK2_MA1103.1 ,FOXK2	20761.0	1.2248123237639287e-132	0.07041828345046536	-0.00031527044999999997	-24.507728308011373	-0.8591634330990693	6.992564902943156e-132	True
SP1_MA0079.1 ,SP1	273667.0	8.003017579221961e-132	0.928238542316772	0.0004741492999999999	24.431099932317757	0.8564770846335441	4.487406285492314e-131	True
BARX2_HUMAN.H11MO.0.D ,BARX2	21978.5	3.869153104056449e-130	0.07451564323121591	-0.00034550085	-24.27214731809235	-0.8509042683092286	2.1314282011819736e-129	True
CEBPG_M00622 ,CEBPG	22383.0	2.5876647763699584e-129	0.07591987083819499	-0.0004230432	-24.1938615772663	-0.84816025832361	1.4009081720347707e-128	True
FOXP1_MA0481.2 ,FOXP1	22577.0	6.422599935981567e-129	0.0765744986839606	-0.00031159165	-24.156322205536437	-0.8468442189238325	3.4181294574545963e-128	True
SOX11_HUMAN.H11MO.0.D ,SOX11	22640.0	8.619173925414159e-129	0.07669660543239357	-0.0002839127499999999	-24.14416226088913	-0.8464168453043172	4.510701020966743e-128	True
SOX9_full_1 ,SOX9	22767.0	1.5623366635263859e-128	0.07720877540498738	-0.00029678850000000004	-24.119557250849624	-0.8455553143570401	8.042192005693199e-128	True
SOX15_full_1 ,SOX15	23184.5	1.0963693971809337e-127	0.0785892600331045	-0.0002832927	-24.03877907483503	-0.84272311616422	5.5525804954002125e-127	True
SOX15_full_2 ,SOX15	23945.0	3.750776201598866e-126	0.08113993433370417	-0.0002707399	-23.891630780222382	-0.8375641060429273	1.869434487781022e-125	True
TFAP2A_DBD_4 ,TFAP2A	270578.0	1.0382111670137997e-125	0.9171709223129731	0.00018389644500000003	23.849052983026688	0.8355222098607983	5.093723538161455e-125	True
STAT1_M01212 ,STAT1	24265.5	1.6526197765713918e-125	0.08229994844381733	-0.0003135083	-23.82958714768458	-0.835389927549996	7.9834247668218e-125	True
HOXC13_M01317 ,HOXC13	24528.5	5.557764165511474e-125	0.0831207771416167	-0.00030265734999999997	-23.77872586825386	-0.8336058122812254	2.644148406016065e-124	True
IRX2_M01405 ,IRX2	24548.0	6.082638634011448e-125	0.08322931647355711	-0.0005520256	-23.774937126717898	-0.833473529970423	2.8506694493725294e-124	True
HOXC11_DBD_1 ,HOXC11	26742.0	1.3569554939228045e-120	0.09018940113423601	-0.00020107503499999996	-23.350759493888116	-0.818590074078094	6.265941545467068e-120	True
DLX3_M01400 ,DLX3	26849.0	2.2165105407179646e-120	0.0908949067918487	-0.00027221845	-23.329774439136106	-0.8178642172957425	1.008672912732523e-119	True
PBX2_HUMAN.H11MO.0.C ,PBX2	26896.0	2.7484010642890316e-120	0.09122052478766993	-0.00032387605000000003	-23.320570095207326	-0.8175453830081676	1.2328541916953656e-119	True
Stat6_MA0520.1 ,STAT6	27044.0	5.363719255070068e-120	0.09171234363552493	-0.0003629296	-23.29193327908545	-0.8165413941877188	2.3721237268901425e-119	True
TCF7L2_MA0523.1 ,TCF7L2	27423.5	2.968440389152888e-119	0.09301142376468673	-0.00027469195	-23.21849491446638	-0.8139669769082571	1.294569836380565e-118	True
SOX9_full_5 ,SOX9	27758.0	1.3345045660262335e-118	0.09410020893821398	-0.00022604205000000002	-23.15378668027931	-0.8116978264998779	5.740197722359415e-118	True
TCF4_MA0830.1 ,TCF4	267038.5	1.506662389721841e-118	0.9057166309391366	0.0004241634999999999	23.14855531976798	0.8115112745231053	6.39313500503592e-118	True
VDR_HUMAN.H11MO.0.A ,VDR	266991.0	1.849595818674667e-118	0.9054215396304236	0.0002318819	23.13971116170828	0.8111890483814073	7.743641160851273e-118	True
TFAP2C(var.2)_MA0814.1 ,TFAP2C	266745.0	4.23114463944486e-118	0.9040342712940602	0.000167096015	23.103988739860796	0.8095202561528234	1.748130811560113e-117	True
TFAP2C_DBD_2 ,TFAP2C	266557.5	1.0305296254853967e-117	0.903610289528668	0.00017225961000000002	23.06549889500562	0.8082483108566467	4.20241951171967e-117	True
SOX9_full_3 ,SOX9	28232.0	1.1158386831902994e-117	0.09572829891732017	-0.00026036805	-23.062056871527158	-0.8084823487911432	4.4919659810481284e-117	True
BARX2_M01431 ,BARX2	29160.0	6.938464339467691e-116	0.09867582015032697	-0.00034388414999999997	-22.882610825845344	-0.8021870675385993	2.757820003282095e-115	True
TCF4_DBD ,TCF4	265629.0	8.109499396739037e-116	0.9009375084796353	0.00040865125000000003	22.87580726534067	0.8019496377499796	3.1829785132200722e-115	True
DLX3_HUMAN.H11MO.0.C ,DLX3	29954.0	2.3259652234984705e-114	0.10145714053130003	-0.00020278735	-22.72889851518577	-0.7968008031910564	9.016704693561972e-114	True
OTX1_M01366 ,OTX1	29991.0	2.73899064138173e-114	0.10161316582096437	-0.00019719550000000006	-22.721719718089744	-0.7965498059859442	1.0488330016998333e-113	True
HES1_HUMAN.H11MO.0.D ,HES1	264734.0	3.778783521023755e-114	0.8975320869400049	0.000155071235	22.70757935412233	0.7958782188695629	1.429563886266818e-113	True
HOXA1_M01487 ,HOXA1	30821.0	1.0456685177950604e-112	0.10436395951482919	-0.0002367019	-22.561165070340337	-0.7909193281415353	3.908808506995821e-112	True
STAT1::STAT2_MA0517.1 ,STAT1,STAT2	32279.5	5.941520417030752e-110	0.10948565924076738	-0.0005202025000000002	-22.278829508105584	-0.7810252896643421	2.19486754229136e-109	True
BATF::JUN_MA0462.1 ,BATF,JUN	32459.5	1.2916223504368282e-109	0.11005888258757768	-0.00023894099999999997	-22.2440174971075	-0.7798042221800124	4.715923465548419e-109	True
RARG_HUMAN.H11MO.0.B ,RARG	262221.0	2.391311647214983e-109	0.8893373673785038	0.00021927965000000007	22.21636561161315	0.778830760046672	8.630711002592008e-109	True
HOMEZ_M01429 ,HOMEZ	32621.0	2.56668960045095e-109	0.11013689523240984	-0.0001878192	-22.213186075664368	-0.7787086532982389	9.158415165245436e-109	True
KLF4_MA0039.3 ,KLF4	261376.0	9.004891171915107e-108	0.8865187366021762	0.00025466385	22.05276785091286	0.7730985265785689	3.1770065482936444e-107	True
TCF4_full ,TCF4	260665.0	1.864976860094602e-106	0.8841376550077334	0.00031127969999999994	21.915134930377274	0.7682753100154669	6.506697045218945e-106	True
FOSL1::JUND_MA1142.1 ,FOSL1,JUND	34263.5	2.909997365015369e-106	0.11618457113396467	-0.00019803115000000004	-21.89492493834436	-0.767566412503731	1.004108980895413e-105	True
E2F1_MA0024.2 ,E2F1	260342.0	3.022690355317928e-106	0.8827571703796163	0.00016695496000000001	21.893193301077247	0.7660841722519198	1.0316573604019884e-105	True
TFAP2C_full_3 ,TFAP2C	260088.5	2.1485824448524314e-105	0.8821330692209589	0.00042785954999999997	21.803613500101765	0.7643645022114889	7.254353631007135e-105	True
HOXC13_MA0907.1 ,HOXC13	34913.0	4.538276431337982e-105	0.1181586302336309	-0.00014456711500000001	-21.76936397918962	-0.7631603939977749	1.5159774462129003e-104	True
FOXP1_HUMAN.H11MO.0.A ,FOXP1	35151.0	1.241683035340727e-104	0.11922706428241935	-0.0003473752499999999	-21.723176979144775	-0.7615458714351613	4.1040891904946135e-104	True
HOXC11_M01329 ,HOXC11	35323.5	2.5238539376920455e-104	0.11904729601389304	-0.00016965757499999998	-21.690568574320007	-0.7603756817626788	8.255105587867732e-104	True
SOX15_MA1152.1 ,SOX15	35815.5	2.0233829887961685e-103	0.12147586356605974	-0.0003636474500000001	-21.594592849616586	-0.7570380973055111	6.549920190536051e-103	True
SOX9_DBD ,SOX9	35882.5	2.67463610224493e-103	0.12158101104387703	-0.00018338185	-21.581694622328076	-0.7565835888530106	8.569752409233757e-103	True
XBP1_HUMAN.H11MO.0.D ,XBP1	258756.5	5.603771250697247e-103	0.8774726616557675	0.0001909465	21.547469554584147	0.7553286028274496	1.777357750221147e-102	True
STAT1_MA0137.1 ,STAT1	36117.0	7.139495997961372e-103	0.12250359536537053	-0.00029545959999999997	-21.53625018389216	-0.7549928092692589	2.241801743359871e-102	True
FOSL1::JUNB_MA1137.1 ,FOSL1,JUNB	36234.0	1.1627865822310967e-102	0.12285634819417686	-0.00015086320000000004	-21.513638402069663	-0.7541991154044447	3.6149998695105384e-102	True
SOX9_full_2 ,SOX9	36260.5	1.29834252366157e-102	0.12288687488128511	-0.00020593109999999997	-21.508523232040865	-0.7540193471359183	3.996858357154245e-102	True
HOXA1_DBD ,HOXA1	36765.0	1.052531495522745e-101	0.1243012780506336	-0.00015351221499999997	-21.411216522946177	-0.7505969663256723	3.208688248486815e-101	True
E2F1_HUMAN.H11MO.0.A ,E2F1	257703.0	4.51834353744112e-101	0.874090983094999	0.000297498	21.341970160668943	0.7481819661899981	1.3641921834197228e-100	True
HOXC13_DBD_2 ,HOXC13	37269.5	8.541791276472183e-101	0.12609556888177353	-0.00014573754999999997	-21.31341703256226	-0.7471745855154261	2.554402343630729e-100	True
PRDM1_full ,PRDM1	38975.0	9.35625966960944e-98	0.13219412259517543	-0.00026354565	-20.983210234694564	-0.7356049711014029	2.771571260620155e-97	True
HOMEZ_DBD ,HOMEZ	39123.5	1.6966949385026425e-97	0.13224160855289935	-0.000161546005	-20.954888501615226	-0.7345975904268309	4.979086081213362e-97	True
HOXC11_MA0651.1 ,HOXC11	39459.0	6.509957710220842e-97	0.13274360296312376	-0.0001349883	-20.89076686107339	-0.7323216563102054	1.8927099268605042e-96	True
HOXC11_full_1 ,HOXC11	39594.0	1.1245887650905693e-96	0.13320150326974736	-0.000135020985	-20.86464203335906	-0.7314058556969582	3.2396410297104475e-96	True
RORA_HUMAN.H11MO.0.C ,RORA	255020.5	2.6900103405052505e-96	0.8649906384826201	0.00023451980000000004	20.822896316738788	0.7299846688193634	7.678756790169534e-96	True
MYC_MA0147.3 ,MYC	254781.0	4.309584496068365e-96	0.8630097956747076	0.00010833243	20.800302394974928	0.7283599706943804	1.2191076862751952e-95	True
PRDM1_MA0508.1 ,PRDM1	40335.5	2.2940576534936617e-95	0.13680704420264292	-0.0004670275	-20.719945320280647	-0.7263757360323447	6.431554492830444e-95	True
FOS_MA0476.1 ,FOS	40745.5	1.1878045004004847e-94	0.1381739614142675	-0.00014918929999999998	-20.640615691804438	-0.7235944156513716	3.300624894918161e-94	True
RUNX1_MA0002.1 ,RUNX1	40819.0	1.591055463828686e-94	0.13832320299568557	-0.00015769249999999997	-20.626482856395086	-0.7230958130952704	4.3823808389667317e-94	True
Myc_MA0147.1 ,MYC	253344.0	9.892965708562173e-94	0.8581764035492362	9.598973500000002e-05	20.537903983255728	0.7186117819444822	2.701209767381324e-93	True
DLX3_DBD ,DLX3	41820.5	8.549556323336232e-93	0.141433533226603	-0.00013210915	-20.43287539341489	-0.7163019292866253	2.2944963124167324e-92	True
Dlx3_MA0880.1 ,DLX3	41820.5	8.549556323336232e-93	0.141433533226603	-0.00013210915	-20.43287539341489	-0.7163019292866253	2.2944963124167324e-92	True
RARG_HUMAN.H11MO.1.B ,RARG	252665.0	3.280243203478806e-92	0.8569756871896453	0.00027085795	20.367119423537396	0.7140056440452609	8.728782761799534e-92	True
FOSL1_HUMAN.H11MO.0.A ,FOSL1	42434.0	9.713566646910633e-92	0.14391976229886305	-0.0001578974	-20.313875594002976	-0.712140124277535	2.563075569016755e-91	True
IRX2_DBD ,IRX2	42585.0	1.750279652132768e-91	0.1440757875885274	-0.00015007795000000003	-20.28493774385568	-0.7111157843323475	4.579898423080743e-91	True
STAT1_M01823 ,STAT1	42849.5	4.977625481883055e-91	0.14532738175996526	-0.00019622249999999997	-20.233472039327378	-0.7093214935012075	1.291714381248991e-90	True
JUN(var.2)_MA0489.1 ,JUN	43098.0	1.3184171934605728e-90	0.14615838602013403	-0.00021319025000000001	-20.185390476787415	-0.707635742002008	3.3933032684149164e-90	True
PRDM1_MA0508.2 ,PRDM1	43247.5	2.3664318052817273e-90	0.146673947846851	-0.0001988547	-20.15646136898336	-0.7066215776191898	6.0411348525078235e-90	True
FOSL2_HUMAN.H11MO.0.A ,FOSL2	43339.5	3.3906407610252637e-90	0.14699278213442596	-0.0001509859	-20.13865484975707	-0.7059974764605323	8.585977410983328e-90	True
NR3C1_MA0113.1 ,NR3C1	43574.5	8.481517784834483e-90	0.1477830841451171	-0.0001755029	-20.093187101272413	-0.7044033050226576	2.130557267550422e-89	True
PBX1_HUMAN.H11MO.1.C ,PBX1	44447.0	2.5051613412621647e-88	0.1506763357121537	-0.00023930965000000005	-19.924398505040614	-0.698484519577782	6.243021120288252e-88	True
FOSL1::JUN_MA1128.1 ,FOSL1,JUN	45125.0	3.4159853194106605e-87	0.15302010691124196	-0.00013597315	-19.793165110783843	-0.693885165386807	8.445821970826356e-87	True
GRHL2_MA1105.1 ,GRHL2	45231.0	5.12632931556026e-87	0.1533830353024177	-0.0001669816	-19.772698148957048	-0.6931660923127018	1.2575526602233762e-86	True
PBX1_M01357 ,PBX1	45347.0	8.004911673772195e-87	0.15375613925596288	-0.00024592160000000006	-19.750203087599225	-0.6923791821561338	1.9484823764065652e-86	True
FOSL2::JUNB_MA1138.1 ,FOSL2,JUNB	45353.0	8.191055881871832e-87	0.15379684150544054	-0.00019476695000000002	-19.74904209708053	-0.6923384799066562	1.9784550360828884e-86	True
VDR_HUMAN.H11MO.1.A ,VDR	249361.5	1.24480595665091e-86	0.8457656093126746	0.00023906315000000002	19.727892637203304	0.691595663853689	2.9837333617434023e-86	True
RARG_HUMAN.H11MO.2.D ,RARG	249119.5	3.1426901954367418e-86	0.8449685235937373	0.00025198325	19.68101302973074	0.6899540064580902	7.475793343690432e-86	True
Hes1_MA1099.1 ,HES1	248121.0	7.396905462546643e-86	0.834725124141861	7.203812499999999e-05	19.637584505833278	0.6831804737741839	1.7463370791275532e-85	True
TCF4_M01705 ,TCF4	45934.5	7.54903046896711e-86	0.1557709006051068	-0.00014906785	-19.636549742310265	-0.6883937535614468	1.7689519158624423e-85	True
SOX9_MA0077.1 ,SOX9	46018.5	1.0369434526008082e-85	0.15585908881230837	-0.00013456850000000004	-19.620418731535956	-0.6878239220687596	2.4118536601233612e-85	True
FRA1_M01267 ,FOSL1	46383.0	4.155350640094545e-85	0.1573040186687651	-0.0001684536999999999	-19.54972533438495	-0.6853512604129921	9.593971330806523e-85	True
Otx1_DBD_1 ,OTX1	46679.0	1.2263186676177559e-84	0.15687664504924972	-0.00011624818	-19.494434473831245	-0.6833432827720946	2.8106865812552946e-84	True
JUND_MA0491.1 ,JUND	47263.0	1.153037309797378e-83	0.16026849917238759	-0.0001266528	-19.37944239340556	-0.6793815971562696	2.6235776469302658e-83	True
ATF2_HUMAN.H11MO.1.B ,ATF2	47322.5	1.4410734753519167e-83	0.16043130817029821	-0.00013882660000000003	-19.36796289463139	-0.6789779665156161	3.2553746133849052e-83	True
STAT1_M01260 ,STAT1	48086.0	2.5138068400324905e-82	0.1630973055110846	-0.00022319639999999997	-19.220177059225836	-0.6737986052695846	5.638109626930015e-82	True
RORA(var.2)_MA0072.1 ,RORA	48587.5	1.6221300633697807e-81	0.16471861178194447	-0.00013631995	-19.123184816911895	-0.6703965755840773	3.61240311984476e-81	True
JUN_HUMAN.H11MO.0.A ,JUN	48668.0	2.1884450308796527e-81	0.165051013486012	-0.0001510163	-19.107561802906876	-0.6698504870702521	4.839237603494443e-81	True
SOX9_HUMAN.H11MO.0.B ,SOX9	48864.5	4.531352863524689e-81	0.16571920874827015	-0.0001972478	-19.06953629998887	-0.6685174883998589	9.949963630396868e-81	True
PRDM1_HUMAN.H11MO.0.A ,PRDM1	48997.0	7.396708332335349e-81	0.16619067647138633	-0.00038236910000000006	-19.043892913857288	-0.6676186470572274	1.6128933446897913e-80	True
FOSL2::JUND_MA1144.1 ,FOSL2,JUND	49363.0	2.851956895441318e-80	0.16739139283097712	-0.00018257425	-18.973089938172556	-0.6651358098390905	6.175961828748785e-80	True
SMAD2::SMAD3::SMAD4_MA0513.1 ,SMAD2,SMAD3,SMAD4	245248.0	6.24364623162144e-80	0.8318386562830706	0.00020420185000000006	18.931860522966264	0.6636908799826337	1.3428115868007755e-79	True
FOSB::JUNB_MA1135.1 ,FOSB,JUNB	49828.0	1.573607351236099e-79	0.16897199685235936	-0.00016539784999999998	-18.883105660492276	-0.6619813855045722	3.3613109407356127e-79	True
FOS_HUMAN.H11MO.0.A ,FOS	50184.5	5.798201424623354e-79	0.1702100236073047	-0.00014298780000000005	-18.814106214330806	-0.6595629935147749	1.23015895089982e-78	True
FOS::JUN_MA0099.3 ,FOS,JUN	50289.5	8.503474188959877e-79	0.17053903345724908	-0.00015561700000000004	-18.793799043505174	-0.658850704148916	1.7920073123042962e-78	True
FOS::JUND_MA1141.1 ,FOS,JUND	50958.0	9.655434833485831e-78	0.17282175128212085	-0.00012461155000000003	-18.664440283497694	-0.6543157951862806	2.0212043584763675e-77	True
FOS::JUNB_MA1134.1 ,FOS,JUNB	51126.0	1.7732949866927056e-77	0.17337462350419233	-0.00018136185000000002	-18.631934526667102	-0.6531761322009063	3.687514078288143e-77	True
CEBPG_HUMAN.H11MO.0.B ,CEBPG	51376.0	4.374342896239653e-77	0.1742395463055925	-0.0001396271	-18.583549497797595	-0.6514802051393374	9.036471509337178e-77	True
FOSL2::JUN_MA1130.1 ,FOSL2,JUN	51968.0	3.6745811269028804e-76	0.17623056467587442	-0.00015985774999999997	-18.469002379665266	-0.6474642498575421	7.541297214689572e-76	True
ZBTB7B_MA0694.1 ,ZBTB7B	242373.5	1.7299175890320472e-75	0.821910699264646	8.4499015e-05	18.38517448043635	0.644191110628714	3.5272345646497586e-75	True
ZBTB7B_full ,ZBTB7B	242073.5	5.039840765343558e-75	0.8208931430277047	8.384809e-05	18.327092496220317	0.6421559981548314	1.0209741937534692e-74	True
Sox6_MA0515.1 ,SOX6	53001.5	1.4636639242978153e-74	0.17976487667218408	-0.00018897455000000004	-18.268998653440985	-0.6404532873850162	2.946092770702013e-74	True
SMAD4_HUMAN.H11MO.0.B ,SMAD4	241721.5	2.0931048406520164e-74	0.8198823704990096	0.00018571060000000005	18.249466387257407	0.6397681328521423	4.186209681304033e-74	True
STAT1_MA0137.3 ,STAT1	53617.5	1.2909875815004395e-73	0.181854258812037	-0.00017142845	-18.149798997078502	-0.6362745231053103	2.5656335480451773e-73	True
SOX15_HUMAN.H11MO.0.D ,SOX15	53723.0	1.8498937388791894e-73	0.18154560008683146	-0.0001151387	-18.130028275865016	-0.6355588418853282	3.6532492704909775e-73	True
OTX1_DBD_1 ,OTX1	53807.5	2.4062426956787783e-73	0.18062979947358423	-8.779049e-05	-18.115563282589353	-0.6349856185385179	4.722251290269603e-73	True
MYC_HUMAN.H11MO.0.A ,MYC	240004.0	8.272575193107015e-72	0.8137024122866524	0.00011717665000000001	17.919828729477807	0.6281171139391637	1.6134090749289458e-71	True
ETS1_full_2 ,ETS1	239859.5	9.709225379543e-72	0.8128340976311291	7.025688499999997e-05	17.910918206557785	0.6271368680975768	1.881911585911421e-71	True
JUNB_MA0490.1 ,JUNB	55761.0	2.2536241647479328e-70	0.1890992592190595	-0.00016503009999999996	-17.73503034008799	-0.6217336444794183	4.34133734804203e-70	True
JUN::JUNB_MA1132.1 ,JUN,JUNB	56771.0	7.152853523460499e-69	0.19255895042466015	-0.00012396580000000003	-17.539577275871956	-0.6148820991506797	1.369509759979632e-68	True
GRHL1_MA0647.1 ,GRHL1	57964.0	3.957853616493044e-67	0.19561161913548422	-8.616513999999998e-05	-17.310042846737808	-0.6067891352128728	7.531915367144338e-67	True
LBP9_M01592 ,TFCP2L1	235934.5	8.632511601524241e-66	0.8000332401704068	0.00012422235000000002	17.131645954161062	0.6005108132309446	1.6328967728184408e-65	True
Rarg(var.2)_MA0860.1 ,RARG	235482.5	3.999222262650467e-65	0.7986357962716739	0.00014073215000000002	17.042223234532074	0.597444577103628	7.519495751330819e-65	True
GRHL1_full ,GRHL1	59527.5	7.214748109215832e-65	0.20079098038151574	-8.381223999999999e-05	-17.007684778404926	-0.5961828073698207	1.3484707775558162e-64	True
ATF4_HUMAN.H11MO.0.A ,ATF4	59559.5	8.224985523266721e-65	0.20197473747049086	-0.00011417104999999998	-17.000004073574033	-0.5959657287059398	1.5281925765122785e-64	True
ESRRA_MA0592.1 ,ESRRA	234752.5	4.43279193424415e-64	0.7961800938865221	0.00012045329999999999	16.900971807043902	0.5924924700838466	8.187627455015666e-64	True
RARG_DBD_3 ,RARG	234375.5	1.5233026031501928e-63	0.7948708381949909	0.00016572184999999999	16.828028768447734	0.5899350120750007	2.7971755402874884e-63	True
JUNB_HUMAN.H11MO.0.A ,JUNB	61192.5	1.7164637700099734e-62	0.20755433750305266	-0.00012608989999999997	-16.683993978233932	-0.5848879331397715	3.133544324320533e-62	True
CEBPG_M01869 ,CEBPG	61921.0	1.8002133977273218e-61	0.20998629690934253	-0.0001122326	-16.543035639062957	-0.5799460016823597	3.267439346164041e-61	True
ATF4_DBD ,ATF4	62033.0	2.5690538207172195e-61	0.21020337557322336	-9.14431e-05	-16.52160202453369	-0.5791862263587768	4.636108618995442e-61	True
OVOL1_HUMAN.H11MO.0.C ,OVOL1	62045.5	2.657643402435756e-61	0.20972173228773777	-7.8688885e-05	-16.51955733788348	-0.5791014300056984	4.768571590656156e-61	True
FOSL1_MA0477.1 ,FOSL1	62119.5	3.4042813044582916e-61	0.2106816270045858	-0.00010204110000000001	-16.504616933528613	-0.5785994355954739	6.073547327272179e-61	True
STAT6_HUMAN.H11MO.0.B ,STAT6	63023.0	6.070005033230518e-60	0.2137546468401487	-0.00017101244999999995	-16.32977861017228	-0.5724703551949638	1.0768257516578433e-59	True
ETS1_HUMAN.H11MO.0.A ,ETS1	231024.5	7.044995526042347e-59	0.7835997069438038	0.00014488035000000002	16.17952115613399	0.5672028057417307	1.2427688736951107e-58	True
Otx1_DBD_2 ,OTX1	63980.0	1.226763614167047e-58	0.21634941524434917	-7.1051365e-05	-16.145333782001533	-0.5659783464032779	2.1519763958014123e-58	True
PBX1_MA0070.1 ,PBX1	65191.5	5.390200244648564e-57	0.2209284183105853	-0.00013755859999999996	-15.910226118756572	-0.5577598838629149	9.402904871220272e-57	True
STAT3_MA0144.2 ,STAT3	65282.0	7.136273102806351e-57	0.22142362901256343	-0.00015563424999999996	-15.892648274823758	-0.5571459582666268	1.238005389105632e-56	True
JUND_HUMAN.H11MO.0.A ,JUND	66303.0	1.6368718091207388e-55	0.22487992836404092	-0.00011165495000000004	-15.69507948819169	-0.5502197921471793	2.8240535607907254e-55	True
ATF4_MA0833.1 ,ATF4	66742.0	6.192920522196809e-55	0.22616204922258704	-8.310969999999999e-05	-15.610413057768971	-0.5472417442270643	1.0626104065408733e-54	True
STAT1_MA0137.2 ,STAT1	67484.5	5.852826231920633e-54	0.22888570808346675	-0.0001226038	-15.466452129756762	-0.5422048408542045	9.987975200125428e-54	True
E2F1_DBD_1 ,E2F1	225366.5	5.142981041984638e-53	0.74901636230429	4.7006290000000004e-05	15.325882842189056	0.5288205844843025	8.729167822611765e-53	True
SOX9_HUMAN.H11MO.1.B ,SOX9	68996.0	5.267390044067998e-52	0.23401079966352806	-0.00010992440000000004	-15.173970771350382	-0.5319512658399588	8.89226061202877e-52	True
MAX::MYC_MA0059.1 ,MAX,MYC	225340.0	2.0384935523136182e-51	0.7636895232409845	8.491355000000002e-05	15.084910438916332	0.5286408162157762	3.422925002280621e-51	True
JUN::FOS_MA0099.1 ,JUN,FOS	69683.0	3.9576948954726496e-51	0.23630369305076926	-0.00010864529999999998	-15.041056631886814	-0.5272908582747673	6.610192538183042e-51	True
Atf4_DBD ,ATF4	70432.5	3.4819210851453164e-50	0.23858301902151793	-7.749390000000002e-05	-14.89642566429343	-0.5222064689441837	5.784778945691161e-50	True
Rarg_DBD_3 ,RARG	222554.5	6.7144193880599e-48	0.7548198247089789	0.00013150109999999994	14.540552440000802	0.5097447968957751	1.1096461515004255e-47	True
E2F1_DBD_2 ,E2F1	219961.0	4.559757770289562e-47	0.7188288606083629	3.3046710000000004e-05	14.408835805074261	0.492151249559059	7.496146282046715e-47	True
E2F1_MA0024.3 ,E2F1	219884.5	5.680952098490333e-47	0.718041950451795	3.3087065e-05	14.39364226775344	0.4916322958782189	9.290723744406066e-47	True
GKLF_M01835 ,KLF4	221267.0	2.4788005164906363e-46	0.7505053862643476	0.00010185534999999996	14.291385572859117	0.5010107725286951	4.032867161544351e-46	True
SMAD4_M01889 ,SMAD4	220222.5	4.379025400027543e-45	0.7467913059995116	7.667144999999996e-05	14.090041756157337	0.4939251892654601	7.087700905199219e-45	True
EHF_MA0598.1 ,EHF	219742.5	1.6422057483704731e-44	0.7453226331641929	0.00011489130000000004	13.996387611233136	0.4906690093072477	2.64437233327348e-44	True
STAT3_HUMAN.H11MO.0.A ,STAT3	75943.5	1.6921711919484877e-43	0.25757740211109	-0.00010713779999999999	-13.829586259048442	-0.484821452798958	2.7109273177133936e-43	True
RARG_DBD_2 ,RARG	218432.5	5.606619197044311e-43	0.7408318183051583	8.164580000000004e-05	13.743143031607998	0.4817823515046265	8.936438720161999e-43	True
RORA_M01138 ,RORA	77124.0	3.942064620415783e-42	0.261440723957344	-8.366999999999999e-05	-13.601242984353346	-0.4768132852142295	6.251557024295736e-42	True
SOX9_M01284 ,SOX9	77550.0	1.214303701952806e-41	0.2630247198328494	-0.00011085865000000003	-13.518717954468526	-0.47392342550131605	1.916036997051161e-41	True
RORA_DBD_1 ,RORA	216598.0	7.110231717515929e-41	0.7345670637397227	8.944650000000003e-05	13.388061725025125	0.46933763872683365	1.1163063796500008e-40	True
STAT1_HUMAN.H11MO.0.A ,STAT1	78587.5	1.8226019879529616e-40	0.2665420725585434	-0.00011897810000000003	-13.317955484191524	-0.46688532819580497	2.8472488767026368e-40	True
TP63_DBD ,TP63	80116.0	9.100543172100104e-39	0.2712635334979513	-6.722195000000002e-05	-13.022707394934391	-0.4565164301413725	1.414638889128432e-38	True
XBP1_M01770 ,XBP1	214041.0	1.8436617298092555e-38	0.7179775052234554	3.6676504999999994e-05	12.96869766765127	0.45199169674110656	2.851772330837962e-38	True
Myc_MA0147.2 ,MYC	214183.5	3.4294161227670854e-38	0.7263452093452365	9.225760000000001e-05	12.921033295447339	0.45295837516620086	5.278611090925808e-38	True
RARG_full_3 ,RARG	213134.0	4.7256970512493164e-37	0.722888909993759	0.00011399520000000005	12.717625647581537	0.44583887336173444	7.238384751669685e-37	True
TP63_MA0525.1 ,TP63	212842.0	9.719497432036928e-37	0.7218917048815564	8.562315000000011e-05	12.661143258222001	0.44385803055382195	1.4815156279900948e-36	True
Ets1_MA0098.2 ,ETS1	212347.0	3.27979745071078e-36	0.7202432637777114	0.00013170489999999994	12.56531235407072	0.44050009497191545	4.975151688517802e-36	True
IRX2_HUMAN.H11MO.0.D ,IRX2	212124.0	5.654106946768761e-36	0.7194767047458823	9.846195000000004e-05	12.522166733188158	0.43898732803299595	8.535526833102841e-36	True
OTX1_HUMAN.H11MO.0.D ,OTX1	83781.0	7.696251569730338e-35	0.2839422842102407	-7.850025000000001e-05	-12.313243842878958	-0.4316541394187719	1.1562789439690557e-34	True
E2F1_MA0024.1 ,E2F1	209762.5	1.3055180983768984e-34	0.6914396385640247	3.765488e-05	12.270532322669109	0.4229676010094158	1.952060394715934e-34	True
Vdr_MA0693.1 ,VDR	210659.5	1.916605531943086e-34	0.7142803842292351	5.9002399999999976e-05	12.239404401368498	0.4290525873063251	2.8521997015645923e-34	True
FOS::JUN(var.2)_MA1126.1 ,FOS,JUN	85352.5	3.183336264450836e-33	0.2891114698939028	-6.5585e-05	-12.009185440063622	-0.4209935419097495	4.7149414482903895e-33	True
FOS::JUN_MA0099.2 ,FOS,JUN	85896.5	1.1342526761303572e-32	0.2913161750739424	-6.908505000000002e-05	-11.903641130157625	-0.4173032046237755	1.672090799553672e-32	True
PBX1_HUMAN.H11MO.0.A ,PBX1	206122.0	6.558022469530596e-30	0.699000081404499	6.833744999999996e-05	11.36084538422404	0.39827151113884895	9.62251895061966e-30	True
RELB_HUMAN.H11MO.0.C ,RELB	205995.0	8.691411504967452e-30	0.6986032344720918	6.875230000000004e-05	11.336215694422577	0.3974099801915719	1.2693503314231534e-29	True
ETS1_DBD_2 ,ETS1	205410.0	2.528874888718902e-29	0.6951096247252598	3.444034e-05	11.242335348906936	0.3934415108675006	3.676234791933959e-29	True
GCR_HUMAN.H11MO.1.A ,NR3C1	90026.0	1.1936480508372507e-28	0.3053482755813638	-0.00010141775	-11.104535557705882	-0.38928988142077986	1.7272142302437637e-28	True
FOSL1::JUND(var.2)_MA1143.1 ,FOSL1,JUND	90323.5	2.2225435852443623e-28	0.30489037527474017	-4.222154000000001e-05	-11.048860509009655	-0.3872717282175128	3.2012783750767425e-28	True
ATF5_M01295 ,ATF5	90785.5	6.11853147100147e-28	0.3079294765690717	-0.00015827905000000012	-10.957567773172219	-0.38413765500773345	8.7726889584222e-28	True
Vdr_DBD ,VDR	204026.5	6.248732933697867e-28	0.6918059588093235	4.884175e-05	10.955661568496872	0.3840562505087781	8.918646096277865e-28	True
JUND(var.2)_MA0492.1 ,JUND	91427.0	2.3915663896965485e-27	0.3100697365207717	-6.747254999999998e-05	-10.83347840678323	-0.37978590616774754	3.3979721554964535e-27	True
Hes2_MA0616.1 ,HES2	203110.5	4.243407260643816e-27	0.6882139852929205	4.975674500000001e-05	10.780862031568303	0.37784237375518953	6.001936395685398e-27	True
HOMEZ_HUMAN.H11MO.0.D ,HOMEZ	91994.0	5.231788745311471e-27	0.2952134154614278	-3.668249499999999e-05	-10.761586122571547	-0.3759395435921092	7.366733928375795e-27	True
Rarg_MA0859.1 ,RARG	202819.0	8.068776362610649e-27	0.6878985428594687	0.00014317330000000001	10.721592524352994	0.37586492280140016	1.1310695436873856e-26	True
GRHL1_HUMAN.H11MO.0.D ,GRHL1	93759.0	2.991398902570643e-25	0.31795579735706725	-7.679279999999995e-05	-10.382191018685958	-0.3639662985374325	4.174663357365253e-25	True
OTX1_DBD_2 ,OTX1	94026.0	5.066400501669609e-25	0.31793883808645157	-3.813883000000001e-05	-10.331779287862194	-0.36215504843567686	7.008148711560606e-25	True
OTX1_MA0711.1 ,OTX1	94026.0	5.066400501669609e-25	0.31793883808645157	-3.813883000000001e-05	-10.331779287862194	-0.36215504843567686	7.008148711560606e-25	True
ATF2_M01862 ,ATF2	200273.5	1.4679097770247751e-24	0.6792323555748514	6.653444999999997e-05	10.22925414772958	0.3585969934605053	2.0215950437972783e-24	True
Klf4_MA0039.1 ,KLF4	94893.5	2.9136047469190214e-24	0.3218632133069221	-0.00018602249999999983	-10.162644844170352	-0.35627018153203266	3.995073757784161e-24	True
ERR1_HUMAN.H11MO.0.A ,ESRRA	199803.0	3.7511653424259246e-24	0.6776551434075924	7.031985000000002e-05	10.137986150522881	0.3554052587306325	5.121156163138002e-24	True
TP63_MA0525.2 ,TP63	95115.5	4.466033523916406e-24	0.3218021599327056	-4.142618000000002e-05	-10.12092867155078	-0.35476419830135947	6.07071223597295e-24	True
GRHL1_DBD_2 ,GRHL1	98119.0	1.3753910957680811e-21	0.32987138089165063	-3.222923e-05	-9.544012276133024	-0.33438933058367026	1.8615207072033514e-21	True
CEBPG_full ,CEBPG	98327.5	2.0722580763587207e-21	0.33102800314764064	-3.5579409999999994e-05	-9.501427102092512	-0.3329749274143218	2.792656806766688e-21	True
NR3C1_MA0113.2 ,NR3C1	98695.0	4.222144695633463e-21	0.33473869155835345	-6.412370000000004e-05	-9.4270398457483	-0.33048191463381543	5.665612967644904e-21	True
RARG_full_1 ,RARG	195864.0	6.874282357457263e-21	0.6643048055789217	8.701649999999999e-05	9.375759043006962	0.32868423194855234	9.185211320176939e-21	True
XBP1_MA0844.1 ,XBP1	195165.5	1.733823657707485e-20	0.6541156757930154	2.3281044999999993e-05	9.27767041040456	0.32394581173852877	2.3068670700006367e-20	True
XBP1_DBD_2 ,XBP1	194224.5	9.783550243175951e-20	0.651765120885681	2.3891010000000006e-05	9.091426367713373	0.31756234227878327	1.296217205214029e-19	True
RARG_DBD_1 ,RARG	193708.5	3.289466109831733e-19	0.6570089273600521	0.00011290924999999999	8.958656536390604	0.314061948823705	4.339883859189765e-19	True
E2F1_M01250 ,E2F1	193289.0	6.283628452791625e-19	0.6538138007760562	3.1840830000000004e-05	8.886999038412531	0.3112161832143923	8.255478385676026e-19	True
STAT1_HUMAN.H11MO.1.A ,STAT1	101694.5	9.029577973023158e-19	0.34493121319838277	-0.0010602349999999996	-8.846610540349745	-0.31013418174911134	1.1813697848038632e-18	True
ETV4_HUMAN.H11MO.0.B ,ETV4	191964.5	6.632595723012365e-18	0.6511138848940384	0.00011457624999999989	8.62117605072307	0.3022311616422001	8.641639240771297e-18	True
VDR_full ,VDR	191926.5	7.04798352618859e-18	0.6507509565028627	4.615235e-05	8.614218394100003	0.3019733807288416	9.144904244724038e-18	True
ATF3_HUMAN.H11MO.0.A ,ATF3	191697.5	9.785727750410108e-18	0.6482070659105094	3.198098999999999e-05	8.576533778511358	0.30041991154044445	1.264493215485092e-17	True
CEBPG_DBD ,CEBPG	103339.5	1.444281194188151e-17	0.3478990855561284	-3.0033864999999988e-05	-8.53162409231881	-0.29897498168398773	1.858624159733932e-17	True
XBP1_DBD_1 ,XBP1	191066.0	1.7825893550533998e-17	0.6362609556888177	2.0288809999999995e-05	8.507248685389776	0.2961359997829213	2.2846247244357857e-17	True
CEBPG_MA0838.1 ,CEBPG	103637.0	2.37436633939243e-17	0.34894038477193173	-2.9762584999999984e-05	-8.47393524897905	-0.2969568284807207	3.030695246216353e-17	True
JUN_MA0488.1 ,JUN	103993.0	4.398597071317514e-17	0.35267820801562966	-5.7675649999999984e-05	-8.401850440980015	-0.29454182834504655	5.591738787019025e-17	True
Creb5_MA0840.1 ,CREB5	104494.0	9.705155159967541e-17	0.3515080183431471	-2.6887719999999998e-05	-8.308435044418642	-0.2911431905136624	1.2287978710604065e-16	True
E2F1_DBD_3 ,E2F1	189538.5	1.3079292507107458e-16	0.6188030825170271	3.301256e-05	8.272949362591246	0.28577388543673515	1.64935656515331e-16	True
AML1_M01658 ,RUNX1	105245.5	3.365490641739873e-16	0.3569282012319214	-4.7337900000000006e-05	-8.15954836739482	-0.2860452337665862	4.22705624602528e-16	True
PBX2_MA1113.1 ,PBX2	105871.5	9.107560273036491e-16	0.358885301060972	-5.093379999999997e-05	-8.038420687051204	-0.28179863240441755	1.1393521616467961e-15	True
FOSB::JUN_MA1127.1 ,FOSB,JUN	107121.0	6.330650940659959e-15	0.362453531598513	-4.104755000000003e-05	-7.79727556847292	-0.273322388950696	7.888192045108044e-15	True
RARG_full_2 ,RARG	187448.0	9.393460283280175e-15	0.6357352182997313	4.241969999999997e-05	7.747305317693283	0.2715925433478957	1.16582866756916e-14	True
ETV4_MA0764.1 ,ETV4	186867.5	2.026268334159794e-14	0.6299351477491656	2.1364599999999995e-05	7.649047039744627	0.2676546007109326	2.5049143973471467e-14	True
ETV4_DBD ,ETV4	186539.5	3.2959922583045127e-14	0.6287446069519442	2.0653999999999996e-05	7.586227931614937	0.2654295444061542	4.058594388657321e-14	True
Creb5_DBD ,CREB5	108430.5	4.5297139750481646e-14	0.3661167340515019	-2.1087345e-05	-7.544899862304536	-0.2644391230021979	5.555977297520014e-14	True
CREB5_HUMAN.H11MO.0.D ,CREB5	108819.0	8.043373095247649e-14	0.3673411933899547	-3.2102864999999985e-05	-7.469705330449718	-0.2618036523485198	9.827311875127478e-14	True
Rarg_DBD_1 ,RARG	185602.0	1.4694057543459764e-13	0.6295213415461428	0.00012560399999999997	7.389995581732651	0.2590698179252707	1.7883465382350255e-13	True
STAT3_M01595 ,STAT3	184247.5	1.0198050525683904e-12	0.6249118117927984	5.30951e-05	7.12790392465223	0.2498812851056902	1.2363659710674693e-12	True
FOSL2::JUNB(var.2)_MA1139.1 ,FOSL2,JUNB	111182.5	2.2990055056350824e-12	0.3736568257672374	-2.146418500000001e-05	-7.015126249718239	-0.24577035790844706	2.7764912644977534e-12	True
Smad4_MA1153.1 ,SMAD4	183413.5	3.2439372998298218e-12	0.62187610235259	2.82638e-05	6.966826169342378	0.2442236724282962	3.9026678626305135e-12	True
ESRRA_DBD_5 ,ESRRA	183379.5	3.4063046292779883e-12	0.6219642905597916	4.389344999999997e-05	6.959948725033153	0.24399302634792283	4.082365090050719e-12	True
Stat3_MA0144.1 ,STAT3	183074.5	5.170519671960623e-12	0.6209603017393428	6.499495000000002e-05	6.900911301896152	0.24192399533280873	6.173167973367435e-12	True
FOSL2::JUN(var.2)_MA1131.1 ,FOSL2,JUN	113546.0	5.61562897361237e-11	0.38448023227417033	-3.3100200000000005e-05	-6.553723338467742	-0.22973706346837436	6.679195067099561e-11	True
FOXP1_MA0481.1 ,FOXP1	114787.0	2.7361298188743977e-10	0.3893407592326269	-0.0007134404999999998	-6.31313322475836	-0.22131848153474615	3.2420557099115503e-10	True
RUNX1_HUMAN.H11MO.0.A ,RUNX1	114903.0	3.162570684458133e-10	0.38973082245678775	-4.9486249999999984e-05	-6.2906889894815246	-0.22053157137817817	3.733260131277646e-10	True
FOSL2::JUND(var.2)_MA1145.1 ,FOSL2,JUND	115384.5	5.725088654844092e-10	0.39079586465145305	-2.8544900000000012e-05	-6.197915858956096	-0.2172652158575964	6.732875796333502e-10	True
ESRRA_DBD_3 ,ESRRA	179129.0	8.39066207838489e-10	0.607508208286978	3.433015000000003e-05	6.1374519875102695	0.21515887444712778	9.830850345570356e-10	True
FOSL1::JUN(var.2)_MA1129.1 ,FOSL1,JUN	118044.5	1.2813801773150886e-08	0.39516457276205463	-2.1178575e-05	-5.688626300446187	-0.1992205519225029	1.495737456048096e-08	True
Atf3_MA0605.1 ,ATF3	176538.5	1.6459849424505852e-08	0.5957181233549508	1.7572395000000008e-05	5.645704926238542	0.19758567823515047	1.9142195256647545e-08	True
Esrra_DBD_2 ,ESRRA	118284.0	1.7368101781377544e-08	0.4011681545600087	-3.786025e-05	-5.636457835324335	-0.19759585379751987	2.0123926049271395e-08	True
BLIMP1_M01066 ,PRDM1	118412.5	2.006029143450698e-08	0.4016362304290017	-5.916130000000006e-05	-5.611577237707058	-0.19672414728787344	2.31578364354235e-08	True
FOSB::JUNB(var.2)_MA1136.1 ,FOSB,JUNB	118648.0	2.5307079782689408e-08	0.39740319648332567	-1.6357649999999997e-05	-5.5712417015380735	-0.1951265839958755	2.9107776746390014e-08	True
ATF3_M01863 ,ATF3	119250.5	5.043803759384365e-08	0.40410550023064606	-1.9345100000000006e-05	-5.449856054889134	-0.19103939977749437	5.780125476082812e-08	True
RUNX1_MA0002.2 ,RUNX1	175530.0	5.3008467388923106e-08	0.5953687623802676	4.722214999999997e-05	5.441008848474019	0.19074430846878138	6.052603185498856e-08	True
OVOL2_HUMAN.H11MO.0.D ,OVOL2	173089.0	1.9152225825896296e-07	0.5032358288334735	1.4320355e-05	5.2074846586170995	0.17418527663962227	2.1789126483084915e-07	True
JUNB(var.2)_MA1140.1 ,JUNB	122475.5	1.3398532241796144e-06	0.40786367459908285	-1.5105870000000005e-05	-4.833846192757962	-0.1691619406832551	1.5188227884202127e-06	True
ETS1_full_1 ,ETS1	172151.0	1.677750531365039e-06	0.5826866198138551	1.6845415e-05	4.788904613074233	0.16782215830461564	1.8950131901029578e-06	True
GCR_HUMAN.H11MO.0.A ,NR3C1	123208.5	2.821141282496977e-06	0.41787981982470895	-2.3449850000000004e-05	-4.683526533101717	-0.16418948253873497	3.1750478949965978e-06	True
RORA_MA0071.1 ,RORA	125553.5	2.340271193351189e-05	0.4257828399316202	-3.001760000000001e-05	-4.229773720159256	-0.14828168670121836	2.624446981115262e-05	True
EHF_HUMAN.H11MO.0.B ,EHF	127835.5	0.00015181990627118787	0.4335908881230836	-3.2569999999999995e-05	-3.7881703092005106	-0.1328012644832171	0.00016964929028168325	True
VDR_MA0693.2 ,VDR	128944.0	0.00035210314032441825	0.43719642905597916	-3.9314700000000005e-05	-3.5736993879328938	-0.12528152389222044	0.0003910906019412317	True
ATF7_MA0834.1 ,ATF7	128961.5	0.0003524797463355687	0.4338079667869644	-1.1021755e-05	-3.5734196781330563	-0.12516280899791063	0.0003910906019412317	True
FOSL2_MA0478.1 ,FOSL2	130225.0	0.0008819955032204198	0.44169063576913686	-5.655435000000001e-05	-3.325788060511445	-0.11659159362874122	0.0009751640422929993	True
JUN::JUNB(var.2)_MA1133.1 ,JUN,JUNB	130558.0	0.0011062598363197674	0.44180256695520037	-1.1196315000000008e-05	-3.262104872499873	-0.11433261878273139	0.0012178173754581229	False
ETS1_MA0098.3 ,ETS1	164257.5	0.0011131005947658638	0.5561589287167937	1.2497350000000024e-05	3.2603569409496314	0.11427495726263805	0.0012178173754581229	False
ETS1_DBD_1 ,ETS1	164257.5	0.0011131005947658638	0.5561589287167937	1.2497350000000024e-05	3.2603569409496314	0.11427495726263805	0.0012178173754581229	False
ATF7_DBD ,ATF7	130649.0	0.0011666733163700784	0.43950967356795917	-9.409154999999995e-06	-3.2470018346461074	-0.1137153013323203	0.0012719979907645992	False
ATF2_HUMAN.H11MO.2.C ,ATF2	163613.5	0.0017178515726754924	0.5546597291943668	1.350495000000001e-05	3.1352144831643716	0.10990624915203646	0.0018664546498965557	False
GRHL1_DBD_1 ,GRHL1	131271.0	0.001775995861224911	0.4427556779638021	-1.1086330000000005e-05	-3.12543693147348	-0.1094958348031368	0.001922974829050421	False
ERF_MA0760.1 ,ERF	162262.5	0.004048188676203494	0.5491343988277753	9.461345000000014e-06	2.8744788904877874	0.10074145931131794	0.004353189192903757	False
ERF_DBD ,ERF	162262.5	0.004048188676203494	0.5491343988277753	9.461345000000014e-06	2.8744788904877874	0.10074145931131794	0.004353189192903757	False
ESRRA_DBD_2 ,ESRRA	134028.5	0.009605777316930728	0.45452541177109057	-1.4044600000000018e-05	-2.589803318233105	-0.09078975931403142	0.01029424599834897	False
RELB_MA1117.1 ,RELB	160378.5	0.01210582482003177	0.5438125797085719	1.1932550000000005e-05	2.509141209714614	0.08796095297533443	0.012929350317993114	False
ERR1_M01841 ,ESRRA	159869.0	0.015934430705175594	0.542191273437712	1.4328249999999952e-05	2.410510680107716	0.08450465362385695	0.01696071607262758	False
ESRRA_DBD_6 ,ESRRA	159288.5	0.021557251797692654	0.5402782677122623	1.0439550000000024e-05	2.2981764813250027	0.08056671098689387	0.022868165758363153	False
E2F1_DBD_4 ,E2F1	135622.0	0.022508747032953597	0.4595453558733346	-6.1847849999999876e-06	-2.2817681803831067	-0.07997992022359103	0.02379712649275229	False
GRHL2_HUMAN.H11MO.0.A ,GRHL2	135851.0	0.025280097561434327	0.46051881800667516	-1.0697950000000022e-05	-2.237192278319316	-0.07842645103519388	0.026637418235873754	False
E2F1_M01251 ,E2F1	157398.5	0.05195087615631042	0.5188722763411391	4.717220000000004e-06	1.9436379025651414	0.06774550240143272	0.05455710740161027	False
ATF2_HUMAN.H11MO.0.B ,ATF2	138830.5	0.09681664977441427	0.47085040566575315	-8.667949999999962e-06	-1.6605831130500708	-0.0582143923154153	0.10133476009722027	False
EHF_full ,EHF	155736.5	0.1072274146612364	0.52799636393238	6.361249999999979e-06	1.6108779802357902	0.05647097929612243	0.11185849901537619	False
Esrra_DBD_1 ,ESRRA	139107.0	0.10806001816582331	0.47180012482023176	-7.95639999999999e-06	-1.6070709973915485	-0.056338696985320055	0.11235379372208118	False
ESRRA_DBD_1 ,ESRRA	155708.0	0.1084415082594033	0.5280608091607196	-1.656149999999996e-06	1.605334432840793	0.05627764361110357	0.11237832869126282	False
NR3C1_MA0113.3 ,NR3C1	155553.0	0.11511494231769938	0.5268058231351586	7.843399999999987e-06	1.5757101057444753	0.055226168832930835	0.11890161805183423	False
RORA_DBD_2 ,RORA	155238.0	0.12995124620989895	0.5264530703063522	1.601685000000001e-05	1.514390925194295	0.05308930073535397	0.13378587314724022	False
EHF_MA0598.2 ,EHF	154022.5	0.20086256906367128	0.5222030770900605	4.103499999999992e-06	1.2791946944564778	0.044843703362005806	0.20611387805879994	False
ATF4_M01864 ,ATF4	153769.0	0.21845636143472302	0.520347732884704	4.722739999999997e-06	1.230739945936597	0.043124033321574905	0.22343745110913038	False
Esrra_MA0592.2 ,ESRRA	141717.0	0.2704955728952847	0.48065286408162156	-6.7341000000000276e-06	-1.1020187770149545	-0.038633218462540364	0.27576496717246557	False
ATF7_HUMAN.H11MO.0.D ,ATF7	150542.0	0.5445921950918494	0.5083575285594117	2.6104350000000004e-06	0.6059801841720228	0.02123300681084308	0.5534043665334651	False
STAT3_M01220 ,STAT3	144503.0	0.573559125170847	0.49003812444034406	-3.25875e-06	-0.5629143087700313	-0.01973380728841614	0.5809598880762772	False
NR3C1_DBD ,NR3C1	147993.5	0.910464229988231	0.5011735815266057	3.436814999999995e-06	0.11254978027138679	0.0039447263452093454	0.9192468431392429	False
RXRA::VDR_MA0074.1 ,RXRA,VDR	147369.5	0.9935150639794045	0.49951157300626814	-8.008900000000004e-06	-0.008224510426516427	-0.0002883076004667191	0.9993052158047253	False
ESRRA_DBD_4 ,ESRRA	147389.5	0.9966033038375735	0.49989146066805956	-8.405050000000029e-06	-0.004353893365258138	-0.00015263343554120423	0.9993052158047253	False
Rarg_DBD_2 ,RARG	147407.0	0.9993052158047253	0.49993894662578353	-1.7198499999999798e-06	-0.0009675366270757274	-3.391854123137872e-05	0.9993052158047253	False
